frame,time_remaining,score_a,score_b
0,,,
60,,,
120,,,
180,,,
240,,,
300,,,
360,,,
420,,,
480,,,
540,,,
600,,,
660,,,
720,,,
780,,,
840,,,
900,,,
960,,,
1020,,,
1080,,,
1140,,,
1200,,,
1260,,,
1320,,,
1380,,,
1440,,,
1500,,,
1560,298,0,0
1620,236,0,0
1680,295,0,0
1740,295,0,0
1800,291,0,0
1860,297,0,0
1920,,0,0
1980,230,0,0
2040,212,0,0
2100,277,0,0
2160,278,0,0
2220,216,0,0
2280,275,0,0
2340,273,0,0
2400,271,0,0
2460,277,0,0
2520,,0,0
2580,210,0,0
2640,262,0,0
2700,257,0,0
2760,498,0,0
2820,256,0,0
2880,255,0,0
2940,255,0,0
3000,255,1,0
3060,255,8,0
3120,255,8,0
3180,255,4,0
3240,255,5,0
3300,255,8,0
3360,255,7,0
3420,253,7,0
3480,491,7,0
3540,257,7,0
3600,257,7,1
3660,257,7,8
3720,257,7,8
3780,257,7,4
3840,257,7,5
3900,257,7,8
3960,257,7,7
4020,257,7,8
4080,257,7,8
4140,257,7,10
4200,257,7,
4260,267,7,10
4320,,7,10
4380,250,7,10
4440,252,7,10
4500,317,7,10
4560,318,7,10
4620,256,7,10
4680,315,7,10
4740,313,7,10
4800,311,7,10
4860,317,7,10
4920,,7,10
4980,250,7,10
5040,,7,10
5100,,7,10
5160,,8,10
5220,,8,10
5280,,8,10
5340,,8,10
5400,,10,10
5460,,,10
5520,,10,10
5580,,18,10
5640,,15,10
5700,,15,10
5760,,15,10
5820,,15,10
5880,,15,10
5940,,15,10
6000,,150,15
6060,,15,15
6120,,15,14
6180,,15,15
6240,,15,19
6300,,15,10
6360,,15,13
6420,,15,15
6480,,15,80
6540,,15,81
6600,,15,88
6660,,15,88
6720,,15,28
6780,,15,28
6840,,15,28
6900,182,15,28
6960,247,15,28
7020,247,14,28
7080,247,15,28
7140,247,15,28
7200,247,15,84
7260,247,15,85
7320,187,15,88
7380,187,15,87
7440,187,15,88
7500,248,15,85
7560,186,15,85
7620,185,15,85
7680,185,15,85
7740,183,15,85
7800,183,15,85
7860,241,15,88
7920,241,15,85
7980,241,15,85
8040,241,15,90
8100,241,15,91
8160,241,15,98
8220,241,15,88
8280,241,15,94
8340,241,15,95
8400,241,15,98
8460,241,15,97
8520,241,15,98
8580,241,15,85
8640,241,15,40
8700,187,15,41
8760,187,15,41
8820,187,15,48
8880,187,15,48
8940,187,15,44
9000,187,15,45
9060,187,15,48
9120,187,15,47
9180,187,15,48
9240,187,15,45
9300,187,15,90
9360,187,15,91
9420,187,15,98
9480,187,15,98
9540,187,15,94
9600,187,15,95
9660,187,15,98
9720,187,15,97
9780,187,15,98
9840,187,15,95
9900,187,15,90
9960,187,15,91
10020,187,15,98
10080,187,15,88
10140,187,15,94
10200,187,15,95
10260,187,15,98
10320,187,15,97
10380,187,15,98
10440,187,15,95
10500,187,15,70
10560,187,15,71
10620,187,15,78
10680,187,15,78
10740,187,15,74
10800,187,15,75
10860,187,15,78
10920,187,115,77
10980,,15,77
11040,189,15,77
11100,189,19,77
11160,189,10,77
11220,189,13,77
11280,180,15,77
11340,180,80,77
11400,180,81,77
11460,180,88,77
11520,180,28,77
11580,180,84,77
11640,180,85,77
11700,180,88,77
11760,180,87,77
11820,180,88,77
11880,180,85,77
11940,180,90,77
12000,180,91,77
12060,180,98,77
12120,180,88,77
12180,180,94,77
12240,180,95,77
12300,172,95,77
12360,172,95,77
12420,177,95,77
12480,177,95,77
12540,177,98,77
12600,177,97,77
12660,177,98,77
12720,118,95,77
12780,176,85,77
12840,176,85,78
12900,176,85,75
12960,176,85,80
13020,116,85,80
13080,175,85,80
13140,173,85,80
13200,172,85,80
13260,177,85,80
13320,,85,80
13380,110,85,80
13440,110,85,81
13500,110,85,88
13560,110,85,88
13620,110,85,84
13680,110,85,85
13740,170,85,88
13800,170,85,87
13860,170,95,88
13920,170,95,85
13980,170,95,90
14040,110,85,91
14100,170,85,88
14160,170,85,88
14220,170,40,88
14280,110,41,88
14340,170,48,88
14400,170,48,88
14460,170,44,88
14520,170,45,88
14580,170,48,88
14640,170,47,88
14700,170,48,88
14760,110,45,88
14820,170,90,88
14880,170,91,88
14940,170,98,88
15000,110,98,88
15060,110,94,88
15120,170,95,88
15180,110,98,88
15240,170,97,88
15300,170,98,88
15360,170,95,88
15420,170,90,88
15480,110,91,88
15540,170,98,88
15600,170,88,88
15660,170,94,88
15720,170,95,88
15780,170,98,88
15840,110,97,88
15900,110,97,88
15960,110,97,88
16020,92,97,84
16080,97,97,84
16140,98,97,84
16200,96,97,84
16260,95,97,84
16320,95,98,84
16380,95,98,84
16440,155,70,84
16500,155,71,84
16560,155,78,84
16620,155,78,84
16680,155,74,84
16740,155,75,84
16800,155,78,84
16860,95,77,84
16920,95,78,84
16980,95,78,84
17040,155,75,84
17100,155,80,84
17160,153,80,84
17220,152,80,84
17280,152,80,85
17340,151,80,85
17400,151,80,98
17460,91,80,97
17520,91,80,88
17580,91,80,85
17640,92,80,100
17700,92,80,
17760,92,80,108
17820,92,80,108
17880,92,80,104
17940,92,80,105
18000,92,80,108
18060,92,80,107
18120,92,80,108
18180,92,80,108
18240,91,80,
18300,91,80,17
18360,91,80,
18420,97,80,
18480,,80,
18540,90,80,
18600,150,80,
18660,150,81,
18720,150,88,
18780,150,88,
18840,150,84,
18900,150,85,
18960,150,88,
19020,150,87,
19080,150,88,
19140,150,90,
19200,90,91,
19260,90,88,
19320,90,88,
19380,90,84,
19440,,84,
19500,,85,
19560,,98,
19620,,97,
19680,90,97,
19740,82,97,
19800,77,97,
19860,77,98,
19920,77,85,
19980,77,100,
20040,77,,
20100,77,108,
20160,77,108,
20220,88,108,
20280,76,108,
20340,75,108,
20400,73,108,
20460,73,108,
20520,73,108,
20580,73,108,
20640,73,108,
20700,73,108,
20760,73,108,
20820,73,108,
20880,73,108,
20940,73,108,180
21000,73,108,
21060,73,108,175
21120,73,108,175
21180,73,108,184
21240,73,108,219
21300,73,108,219
21360,72,108,219
21420,77,108,219
21480,,108,219
21540,79,108,219
21600,130,108,187
21660,192,108,187
21720,132,108,187
21780,132,108,219
21840,132,108,188
21900,192,108,210
21960,192,108,
22020,192,108,150
22080,192,108,185
22140,192,108,157
22200,132,108,181
22260,132,108,185
22320,132,108,150
22380,132,108,185
22440,132,108,185
22500,132,108,140
22560,137,108,140
22620,137,108,41
22680,137,108,141
22740,137,108,148
22800,138,108,148
22860,136,108,148
22920,135,108,148
22980,134,108,148
23040,131,108,148
23100,137,108,148
23160,,108,148
23220,190,108,148
23280,,108,148
23340,,108,148
23400,,108,148
23460,,104,148
23520,,105,148
23580,,108,148
23640,,107,148
23700,,108,148
23760,,108,148
23820,,50,148
23880,,17,148
23940,,,148
24000,,,148
24060,,,148
24120,,,148
24180,,,148
24240,,,148
24300,,,148
24360,,50,148
24420,,50,148
24480,,50,148
24540,,50,148
24600,,50,148
24660,,50,148
24720,,50,144
24780,,50,145
24840,,50,145
24900,,50,145
24960,,50,145
25020,,210,145
25080,,210,145
25140,,210,145
25200,152,210,145
25260,122,210,145
25320,122,,145
25380,122,188,145
25440,122,250,145
25500,127,241,145
25560,158,241,145
25620,158,241,145
25680,68,219,145
25740,68,219,145
25800,158,187,145
25860,128,213,145
25920,216,219,145
25980,125,219,145
26040,125,210,145
26100,125,82,145
26160,125,115,145
26220,125,150,145
26280,65,150,145
26340,63,150,145
26400,61,150,145
26460,127,150,145
26520,127,150,145
26580,,150,145
26640,,150,145
26700,,241,145
26760,,119,145
26820,,119,145
26880,,120,145
26940,,119,145
27000,150,119,145
27060,60,219,145
27120,60,119,145
27180,60,41,145
27240,60,118,145
27300,60,150,145
27360,60,170,145
27420,60,119,145
27480,60,119,145
27540,60,,145
27600,60,118,145
27660,60,119,145
27720,60,190,145
27780,60,84,145
27840,472,84,145
27900,472,84,145
27960,472,198,145
28020,472,198,145
28080,472,194,145
28140,477,194,145
28200,477,195,145
28260,477,198,145
28320,477,197,145
28380,477,198,145
28440,477,198,145
28500,478,198,145
28560,478,198,145
28620,478,190,145
28680,478,,145
28740,478,198,145
28800,478,198,145
28860,478,194,145
28920,478,195,145
28980,478,198,145
29040,478,197,145
29100,478,198,145
29160,476,198,145
29220,475,198,145
29280,475,198,145
29340,475,198,145
29400,475,198,145
29460,475,101,145
29520,473,80,145
29580,473,181,145
29640,473,151,145
29700,473,124,145
29760,473,191,145
29820,473,191,145
29880,473,152,145
29940,473,120,145
30000,471,120,145
30060,477,120,145
30120,477,120,170
30180,477,152,141
30240,477,152,145
30300,477,152,190
30360,477,152,84
30420,477,152,198
30480,477,152,198
30540,477,152,194
30600,477,120,194
30660,,120,194
30720,,191,194
30780,,191,194
30840,,190,194
30900,,,194
30960,,198,194
31020,,198,194
31080,,194,194
31140,,195,194
31200,,198,194
31260,,197,194
31320,,198,194
31380,,195,194
31440,,190,194
31500,,190,194
31560,,,194
31620,470,198,194
31680,452,198,194
31740,452,198,194
31800,452,198,195
31860,452,198,198
31920,452,198,198
31980,452,198,198
32040,452,194,198
32100,457,195,198
32160,457,195,198
32220,457,195,198
32280,458,195,198
32340,456,195,198
32400,456,198,198
32460,456,197,198
32520,456,198,198
32580,456,198,198
32640,456,198,198
32700,455,198,198
32760,453,198,198
32820,453,198,197
32880,453,198,198
32940,453,198,198
33000,453,198,190
33060,453,198,
33120,453,198,198
33180,453,198,198
33240,453,198,194
33300,453,198,195
33360,453,198,198
33420,452,198,198
33480,452,198,198
33540,452,198,197
33600,457,198,197
33660,457,198,197
33720,450,206,197
33780,,206,197
33840,,101,197
33900,,203,197
33960,,203,197
34020,,204,197
34080,,204,197
34140,450,204,197
34200,432,204,197
34260,432,204,197
34320,437,204,197
34380,437,206,197
34440,437,206,197
34500,437,207,197
34560,437,206,197
34620,437,203,197
34680,447,110,197
34740,447,,197
34800,447,210,197
34860,447,215,197
34920,88,215,197
34980,78,217,197
35040,78,119,197
35100,78,119,197
35160,78,210,197
35220,78,210,197
35280,88,119,197
35340,88,215,197
35400,88,231,197
35460,88,181,197
35520,88,231,197
35580,78,231,197
35640,78,241,197
35700,78,231,197
35760,78,231,197
35820,78,237,197
35880,78,231,197
35940,88,231,197
36000,88,231,197
36060,88,201,197
36120,88,233,197
36180,78,233,197
36240,436,233,197
36300,435,233,197
36360,435,234,197
36420,435,233,197
36480,435,231,197
36540,433,231,197
36600,71,231,197
36660,437,231,197
36720,,231,197
36780,,231,198
36840,,231,195
36900,,231,210
36960,430,231,210
37020,492,231,210
37080,492,231,210
37140,497,231,210
37200,497,231,80
37260,497,231,177
37320,497,231,175
37380,497,231,174
37440,497,231,175
37500,497,231,219
37560,498,231,219
37620,496,231,219
37680,496,231,219
37740,496,231,100
37800,496,231,219
37860,496,231,175
37920,495,231,175
37980,495,231,175
38040,493,231,175
38100,492,231,175
38160,497,231,175
38220,,231,175
38280,490,231,175
38340,490,231,190
38400,490,231,
38460,490,231,198
38520,,231,198
38580,,231,198
38640,,231,198
38700,,231,198
38760,,231,198
38820,,231,198
38880,,231,198
38940,,231,194
39000,,231,195
39060,,231,198
39120,,231,198
39180,,231,198
39240,,231,198
39300,,231,197
39360,,231,198
39420,,231,195
39480,,231,190
39540,,231,190
39600,,231,190
39660,,231,190
39720,,231,
39780,,231,150
39840,,231,150
39900,422,231,150
39960,427,231,150
40020,428,231,150
40080,426,231,150
40140,425,231,150
40200,423,231,150
40260,421,231,150
40320,421,231,150
40380,421,237,150
40440,427,237,150
40500,,237,194
40560,,237,194
40620,,237,195
40680,,237,198
40740,,237,198
40800,420,237,198
40860,,237,198
40920,,237,198
40980,,237,198
41040,,237,198
41100,,231,198
41160,,231,198
41220,,231,197
41280,,231,198
41340,,231,198
41400,,231,198
41460,,231,198
41520,,231,198
41580,,231,198
41640,,231,198
41700,,231,198
41760,,231,206
41820,,231,210
41880,,231,203
41940,,231,203
42000,,231,203
42060,,231,203
42120,,231,203
42180,,231,203
42240,,231,203
42300,,231,203
42360,,231,204
42420,,231,206
42480,,231,206
42540,,231,207
42600,,231,206
42660,,231,206
42720,,231,230
42780,,231,27
42840,,231,
42900,,231,
42960,,231,
43020,,231,217
43080,,231,215
43140,,231,217
43200,,231,215
43260,,231,215
43320,,231,239
43380,,231,239
43440,,231,239
43500,,231,239
43560,,233,239
43620,,233,239
43680,,233,239
43740,,233,239
43800,,233,239
43860,,246,239
43920,,241,239
43980,,243,239
44040,,243,239
44100,,244,239
44160,,244,239
44220,,246,239
44280,,246,239
44340,,247,239
44400,,246,239
44460,,243,239
44520,,,
44580,,188,188
44640,,188,188
44700,,188,188
44760,,188,188
44820,,188,188
44880,,188,188
44940,,188,188
45000,,188,
45060,,188,
45120,,188,188
45180,,188,188
45240,,188,188
45300,,188,188
45360,,188,188
45420,,188,188
45480,,,
45540,,,
45600,,,
45660,,,
45720,,,
45780,,,
45840,,,
45900,,,
45960,,,
46020,,,
46080,,,
46140,,,
46200,,,
46260,,,
46320,,,
46380,,,
46440,,,
46500,,,
46560,,,
46620,,,
46680,,,
46740,,,
46800,,231,239
46860,,231,239
46920,,231,239
46980,,231,239
47040,,231,239
47100,,231,239
47160,,231,239
47220,,231,239
47280,,231,239
47340,,231,239
47400,,231,239
47460,,231,239
47520,,231,239
47580,,231,239
47640,,231,239
47700,,231,239
47760,,231,239
47820,,231,239
47880,,231,239
47940,,231,239
48000,,231,239
48060,,231,239
48120,,231,239
48180,,231,239
48240,,231,239
48300,,231,239
48360,,231,239
48420,,231,239
48480,,231,239
48540,,231,239
48600,,231,239
48660,,231,239
48720,,231,239
48780,,231,239
48840,,,
48900,77,70,
48960,77,108,
49020,77,108,
49080,78,108,
49140,86,108,
49200,73,108,
49260,73,108,180
49320,77,100,
49380,77,70,
49440,77,108,
49500,77,108,
49560,218,219,145
49620,218,187,145
49680,128,213,145
49740,128,219,145
49800,472,84,145
49860,472,198,145
49920,472,198,145
49980,472,194,145
50040,477,194,145
50100,478,198,145
50160,476,198,145
50220,475,198,145
50280,475,198,145
50340,475,198,145
50400,455,198,198
50460,453,198,198
50520,453,198,197
50580,453,198,198
50640,453,198,198
50700,,198,197
50760,457,198,197
50820,457,198,197
50880,457,206,197
50940,,206,197
51000,437,210,197
51060,437,215,197
51120,78,215,197
51180,78,141,197
51240,78,119,197
51300,78,119,197
51360,,231,194
51420,,231,195
51480,,231,198
51540,,231,198
51600,,231,198
51660,,231,198
51720,,231,203
51780,,231,203
51840,,231,203
51900,,231,203
51960,,231,239
52020,,233,239
52080,,233,239
52140,,233,239
52200,,233,239
52260,,233,239
52320,,247,239
52380,,246,239
52440,,243,239
52500,,,
52560,,,
52620,,,
52680,,,
52740,,,
52800,,,
52860,,,
52920,,,
52980,,,
53040,,,
53100,,,
53160,,,
53220,,,
53280,,,164
53340,,,
53400,,,
53460,,,
53520,,,
53580,,,
53640,,,
53700,,,
53760,,,
53820,,,
53880,,,
53940,,,
54000,,,
54060,,,
54120,,,
54180,,,
54240,,,164
54300,,,
54360,,,
54420,,,
54480,,,
54540,,,
54600,,,
54660,,,
54720,,,
54780,,,
54840,,,
54900,,,
54960,,,
55020,,,
55080,,,
55140,,,
55200,,,
55260,,,
55320,,,
55380,,,
55440,,,
55500,,,
55560,,,
55620,,,
55680,,,
55740,,,
55800,,,
55860,,,
55920,,,
55980,,,
56040,,,
56100,,,
56160,,,
56220,,,
56280,,,
56340,,,
56400,,,
56460,,,
56520,,,
56580,,,
56640,,,
56700,,,
56760,,,
56820,,,
56880,,,
56940,,,
57000,,,
57060,,,
57120,,,
57180,,,
57240,,,
57300,,,
57360,,,
57420,,,
57480,,,
57540,,,
57600,,,
57660,,,
57720,,,
57780,,,
57840,,,
57900,,,
57960,,,
58020,,,
58080,,,
58140,,,
58200,,,
58260,,,
58320,,,
58380,,,
58440,,,
58500,,,
58560,,,
58620,,,
58680,,,
58740,,,
58800,,,
58860,,,
58920,,,
58980,,,
59040,,,
59100,,,
59160,,,
59220,,,
59280,,,
59340,,,
59400,,,
59460,,,
59520,,,
59580,,,
59640,,,
59700,,,
59760,,,
59820,,,
59880,,,
59940,,,
60000,,,
60060,,,
60120,,,
60180,,,
60240,,,
60300,,,
60360,,,
60420,,,
60480,,,
60540,,,
60600,,,
60660,,,
60720,,,
60780,,,
60840,,,
60900,,186,
60960,,,
61020,,,
61080,,,
61140,,,
61200,,,
61260,,,
61320,,,
61380,,,
61440,,,
61500,,,
61560,,,
61620,,0,0
61680,,0,0
61740,,0,0
61800,,0,0
61860,,0,0
61920,,0,0
61980,,0,0
62040,,0,0
62100,,0,0
62160,,0,0
62220,,0,0
62280,,0,0
62340,,0,0
62400,,0,0
62460,,0,0
62520,,0,0
62580,,0,0
62640,,0,0
62700,,0,0
62760,,0,0
62820,,0,0
62880,,0,0
62940,,0,0
63000,,0,0
63060,,0,0
63120,,0,0
63180,,0,0
63240,,0,0
63300,,0,0
63360,52,0,0
63420,57,0,0
63480,478,0,0
63540,56,0,0
63600,55,0,0
63660,53,0,0
63720,471,0,0
63780,57,0,0
63840,,0,0
63900,59,0,0
63960,32,0,0
64020,37,0,0
64080,458,0,0
64140,36,0,0
64200,35,0,0
64260,33,0,0
64320,451,0,0
64380,37,0,0
64440,,0,0
64500,579,0,0
64560,12,0,0
64620,437,0,0
64680,438,0,0
64740,16,0,0
64800,435,0,0
64860,433,0,0
64920,432,0,0
64980,447,0,0
65040,,0,0
65100,20,0,0
65160,,0,0
65220,,0,0
65280,,0,0
65340,,0,0
65400,,0,0
65460,,,
65520,,,
65580,,,
65640,,,
65700,,,
65760,,,
65820,,,
65880,,,
65940,,,
66000,,,
66060,,,
66120,,,142
66180,,,
66240,,188,188
66300,,188,188
66360,,188,188
66420,,188,188
66480,,188,
66540,,188,
66600,,186,188
66660,,186,188
66720,,,224
66780,,,
66840,,,
66900,,,
66960,,,
67020,,,
67080,,,
67140,,,
67200,,,
67260,,,
67320,,,
67380,,,
67440,,,
67500,,,
67560,,,
67620,,0,1
67680,,0,1
67740,,0,1
67800,,0,1
67860,,0,1
67920,,0,1
67980,,0,1
68040,,0,1
68100,,0,1
68160,,0,1
68220,,0,1
68280,,0,1
68340,,0,1
68400,,0,1
68460,,0,1
68520,,0,1
68580,,0,1
68640,,0,1
68700,,0,1
68760,,0,1
68820,,0,1
68880,,0,1
68940,,0,1
69000,,0,1
69060,,0,1
69120,,0,1
69180,,0,1
69240,,0,1
69300,,0,1
69360,,0,1
69420,,0,1
69480,,0,1
69540,52,0,1
69600,57,0,1
69660,478,0,1
69720,56,0,1
69780,55,0,1
69840,53,0,1
69900,471,0,1
69960,57,0,1
70020,,0,1
70080,50,0,1
70140,32,0,1
70200,37,0,1
70260,458,0,1
70320,36,0,1
70380,35,0,1
70440,33,0,1
70500,451,0,1
70560,37,0,1
70620,,0,1
70680,30,0,1
70740,12,0,1
70800,437,0,1
70860,438,0,1
70920,16,0,1
70980,435,0,1
71040,433,0,1
71100,431,0,1
71160,437,0,1
71220,,0,1
71280,10,0,1
71340,,0,1
71400,,0,1
71460,,0,1
71520,,0,1
71580,,0,1
71640,,0,1
71700,,0,1
71760,,0,1
71820,,0,1
71880,,0,1
71940,,0,1
72000,,0,1
72060,,0,1
72120,,0,1
72180,,0,1
72240,,0,1
72300,,0,1
72360,,0,1
72420,,0,1
72480,,0,1
72540,,0,1
72600,,0,1
72660,33,0,1
72720,451,0,1
72780,37,0,1
72840,,0,1
72900,30,0,1
72960,12,0,1
73020,437,0,1
73080,438,0,1
73140,16,0,1
73200,435,0,1
73260,433,0,1
73320,431,0,1
73380,437,0,1
73440,,0,1
73500,10,0,1
73560,,0,1
73620,,,
73680,,,
73740,,,
73800,,,
73860,,,
73920,,,
73980,,,
74040,,,
74100,,,
74160,,,
74220,,,
74280,,,
74340,,,
74400,,188,188
74460,,188,188
74520,,188,188
74580,,188,188
74640,,188,188
74700,,188,188
74760,,188,188
74820,,188,188
74880,,188,188
74940,,,
75000,,,
75060,,,
75120,,,
75180,,,
75240,,,
75300,,,
75360,,,
75420,,,
75480,,,
75540,,,
75600,,,
75660,,,
75720,,,
75780,,0,8
75840,,0,8
75900,,0,8
75960,,0,8
76020,,0,8
76080,,0,8
76140,,0,8
76200,,0,8
76260,,0,8
76320,,0,8
76380,,0,8
76440,,0,8
76500,,0,8
76560,,0,8
76620,,0,8
76680,,0,8
76740,,0,8
76800,,0,8
76860,,0,8
76920,,0,8
76980,,0,8
77040,,0,8
77100,33,0,8
77160,451,0,8
77220,37,0,8
77280,,0,8
77340,30,0,8
77400,12,0,8
77460,437,0,8
77520,438,0,8
77580,16,0,8
77640,435,0,8
77700,443,0,8
77760,431,0,8
77820,437,0,8
77880,,,
77940,,188,188
78000,,188,188
78060,,188,188
78120,,188,188
78180,,188,188
78240,,188,188
78300,,188,188
78360,,188,188
78420,,188,188
78480,,188,188
78540,,188,188
78600,,188,
78660,,188,188
78720,,188,188
78780,,,
78840,,,
78900,,,
78960,,,
79020,,,
79080,,,
79140,,,
79200,,,
79260,,,
79320,,,
79380,,,
79440,,,
79500,,,
79560,,,
79620,,,
79680,,,
79740,,,
79800,,,
79860,,188,188
79920,,188,188
79980,,188,188
80040,,,
80100,,,
80160,,,
80220,,,
80280,,,
80340,,1,8
80400,,1,8
80460,,1,8
80520,,1,8
80580,,1,8
80640,,1,8
80700,,1,8
80760,,1,8
80820,,1,8
80880,,1,8
80940,,1,8
81000,,1,8
81060,,1,8
81120,,1,8
81180,,1,8
81240,,1,8
81300,,1,8
81360,,1,8
81420,,1,8
81480,33,1,8
81540,451,1,8
81600,37,1,8
81660,,1,8
81720,39,1,8
81780,12,1,8
81840,437,1,8
81900,438,1,8
81960,16,1,8
82020,435,1,8
82080,433,1,8
82140,431,1,8
82200,437,1,8
82260,,1,8
82320,550,1,8
82380,,1,8
82440,,1,8
82500,,1,8
82560,,1,8
82620,,1,8
82680,,1,8
82740,,1,8
82800,,1,8
82860,,1,8
82920,,1,8
82980,,1,8
83040,,1,8
83100,,1,8
83160,,1,8
83220,,1,8
83280,,,144
83340,,,
83400,,,
83460,,,
83520,,,
83580,,,
83640,,,
83700,,,
83760,,164,
83820,,,
83880,,,
83940,,,
84000,,,
84060,,,
84120,,,
84180,,188,188
84240,,188,188
84300,,188,188
84360,,188,188
84420,,188,188
84480,,188,188
84540,,188,188
84600,,,
84660,,,
84720,,,
84780,,,
84840,,,
84900,,,
84960,,,
85020,,,
85080,,,
85140,,,
85200,,,
85260,,,
85320,,,
85380,,,
85440,,,
85500,,,
85560,,,
85620,,1,8
85680,,1,8
85740,,1,8
85800,,1,8
85860,,1,8
85920,,1,8
85980,,1,8
86040,,1,8
86100,,1,8
86160,,1,8
86220,,1,8
86280,,1,8
86340,,1,8
86400,,1,8
86460,,1,8
86520,,1,8
86580,,1,8
86640,,1,8
86700,,1,8
86760,,1,8
86820,,1,8
86880,,1,8
86940,,1,8
87000,,1,8
87060,,1,8
87120,,1,8
87180,,1,8
87240,,1,8
87300,,1,8
87360,52,1,8
87420,57,1,8
87480,478,1,8
87540,56,1,8
87600,55,1,8
87660,53,1,8
87720,471,1,8
87780,57,1,8
87840,,1,8
87900,59,1,8
87960,32,1,8
88020,37,1,8
88080,458,1,8
88140,36,1,8
88200,35,1,8
88260,33,1,8
88320,451,1,8
88380,37,1,8
88440,,1,8
88500,30,1,8
88560,12,1,8
88620,437,1,8
88680,438,1,8
88740,16,1,8
88800,435,1,8
88860,443,1,8
88920,431,1,8
88980,437,1,8
89040,,1,8
89100,10,1,8
89160,,1,8
89220,,1,8
89280,,1,8
89340,,1,8
89400,,1,8
89460,,1,8
89520,,1,8
89580,,1,8
89640,,1,8
89700,,1,8
89760,,1,8
89820,,1,8
89880,,,
89940,,,
90000,,,
90060,,,
90120,,,
90180,,,
90240,,,
90300,,,
90360,,,
90420,,,
90480,,,
90540,,,
90600,,,
90660,,188,188
90720,,188,188
90780,,188,188
90840,,188,188
90900,,188,188
90960,,188,188
91020,,188,188
91080,,188,188
91140,,188,188
91200,,,
91260,,,
91320,,,
91380,,,
91440,,,
91500,,,
91560,,,
91620,,,
91680,,,
91740,,,
91800,,,
91860,,,
91920,,,
91980,,,
92040,,,
92100,,,
92160,,,
92220,,1,4
92280,,1,4
92340,,1,4
92400,,1,4
92460,,1,4
92520,,1,4
92580,,1,4
92640,,1,4
92700,,1,4
92760,,1,4
92820,,1,4
92880,,1,4
92940,,1,4
93000,,1,4
93060,,1,4
93120,,1,4
93180,,1,4
93240,,1,4
93300,,1,4
93360,,1,4
93420,,1,4
93480,,1,4
93540,,1,4
93600,,1,4
93660,,1,4
93720,,1,4
93780,,1,4
93840,,1,4
93900,,1,4
93960,52,1,4
94020,57,1,4
94080,58,1,4
94140,56,1,4
94200,55,1,4
94260,53,1,4
94320,471,1,4
94380,57,1,4
94440,,1,4
94500,50,1,4
94560,32,1,4
94620,37,1,4
94680,458,1,4
94740,36,1,4
94800,35,1,4
94860,33,1,4
94920,451,1,4
94980,37,1,4
95040,,1,4
95100,30,1,4
95160,12,1,4
95220,437,1,4
95280,438,1,4
95340,16,1,4
95400,435,1,4
95460,33,1,4
95520,451,1,4
95580,37,1,4
95640,,1,4
95700,30,1,4
95760,22,1,4
95820,447,1,4
95880,438,1,4
95940,26,1,4
96000,445,1,4
96060,443,1,4
96120,431,1,4
96180,437,1,4
96240,,1,4
96300,10,1,4
96360,,1,4
96420,,1,4
96480,,1,4
96540,,1,4
96600,,1,4
96660,,1,4
96720,,1,4
96780,,1,4
96840,,1,4
96900,,1,4
96960,,1,4
97020,,1,4
97080,,1,4
97140,,1,5
97200,,,146
97260,,,
97320,,,
97380,,,
97440,,,
97500,,,
97560,,,
97620,,,
97680,,,
97740,,,
97800,,,
97860,,,
97920,,,
97980,,,
98040,,188,188
98100,,188,188
98160,,188,188
98220,,188,188
98280,,188,188
98340,,188,188
98400,,188,188
98460,,173,
98520,,197,
98580,,,
98640,,,
98700,,,
98760,,,
98820,,,
98880,,,
98940,,,
99000,,,
99060,,,
99120,,,
99180,,,
99240,,,
99300,,,
99360,,,
99420,,,
99480,,,
99540,,1,5
99600,,1,5
99660,,1,5
99720,,1,5
99780,,1,5
99840,,1,5
99900,,1,5
99960,,1,5
100020,,1,5
100080,,1,5
100140,,1,5
100200,,1,5
100260,,1,5
100320,,1,5
100380,,1,5
100440,,1,5
100500,,1,5
100560,,1,5
100620,,1,5
100680,,1,5
100740,,1,5
100800,,1,5
100860,,1,5
100920,,1,5
100980,,1,5
101040,,1,5
101100,,1,5
101160,,1,5
101220,,1,5
101280,52,1,5
101340,57,1,5
101400,478,1,5
101460,56,1,5
101520,55,1,5
101580,53,1,5
101640,471,1,5
101700,57,1,5
101760,,1,5
101820,50,1,5
101880,32,1,5
101940,37,1,5
102000,,160,
102060,,,
102120,,,
102180,,,
102240,,,
102300,,,
102360,,,
102420,,,
102480,,,
102540,,,
102600,,,
102660,,,
102720,,,
102780,,,
102840,,,
102900,,,
102960,,,
103020,,188,188
103080,,188,188
103140,,188,188
103200,,188,188
103260,,188,188
103320,,188,188
103380,,188,188
103440,,188,188
103500,,188,188
103560,,188,188
103620,,188,188
103680,,188,188
103740,,188,188
103800,,,
103860,,,
103920,,,
103980,,,
104040,,,
104100,,,
104160,,,
104220,,,
104280,,,
104340,,,
104400,,,
104460,,,
104520,,,
104580,,,
104640,,,
104700,,,
104760,,,
104820,,1,8
104880,,1,8
104940,,1,8
105000,,1,8
105060,,1,8
105120,,1,8
105180,,1,8
105240,,1,8
105300,,1,8
105360,,1,8
105420,,1,8
105480,,1,8
105540,,1,8
105600,,1,8
105660,,1,8
105720,,1,8
105780,,1,8
105840,,1,8
105900,,1,8
105960,,1,8
106020,,,
106080,,,
106140,,,
106200,,,
106260,,,
106320,,,
106380,,,
106440,,,
106500,,,
106560,,,
106620,,,
106680,,,
106740,,,
106800,,,
106860,,,
106920,,,
106980,,,
107040,,,
107100,,,
107160,,,
107220,,,
107280,,,
107340,,,
107400,,,
107460,,,
107520,,,
107580,,,
107640,,,
107700,,,
107760,,,
107820,,,
107880,,,
107940,,,
108000,,,
108060,,,
108120,,,
108180,,,
108240,,,
108300,,,
108360,,,
108420,,,
108480,,,
108540,422,231,150
108600,427,231,150
108660,,231,203
108720,,231,203
108780,,233,239
108840,,233,239
108900,,233,239
108960,,233,239
109020,,,
109080,,,
109140,,,
109200,53,0,0
109260,471,0,0
109320,478,1,8
109380,56,1,8
109440,55,1,8
109500,,1,8
109560,,,
109620,,,
109680,,,
109740,,,
109800,,,
109860,,,
109920,,,
109980,,,
110040,,,
110100,,,
110160,,,
110220,,,
110280,,,
110340,,,
110400,,,
110460,,,
110520,,,
110580,,,
110640,,,
110700,,,
110760,,,
110820,,,
110880,,,
110940,,,
111000,,,
111060,,,
111120,,,
111180,,,
111240,,,
111300,,,
111360,,,
111420,,,
111480,,,
111540,,,
111600,,,
111660,,,
111720,,,134
111780,,,
111840,,,
111900,,,
111960,,,
112020,,,
112080,,,
112140,,,
112200,,,
112260,,,
112320,,,
112380,,,
112440,,,
112500,,,
112560,,,
112620,,,
112680,,,
112740,,,
112800,,,
112860,,,
112920,,,
112980,,,
113040,,,
113100,,,
113160,,,
113220,,,
113280,,,
113340,,,
113400,,,
113460,,,
113520,,,
113580,,,
113640,,,
113700,,,
113760,,,
113820,,,
113880,,,
113940,,,
114000,,,
114060,,,
114120,,,
114180,,,
114240,,,
114300,,,
114360,,,
114420,,,
114480,,,
114540,,,
114600,,,
114660,,,
114720,,,
114780,,,
114840,,,
114900,,,
114960,,,
115020,,,
115080,,,
115140,,,
115200,,,
115260,,,
115320,,,
115380,,,
115440,,,
115500,,,
115560,,,
115620,,,
115680,,,
115740,,,
115800,,,
115860,,,
115920,,,
115980,,,
116040,,,137
116100,,,
116160,,,
116220,,,
116280,,,
116340,,1,1
116400,,1,1
116460,,1,1
116520,,1,1
116580,,1,1
116640,,1,1
116700,,,
116760,,,
116820,,,
116880,,,
116940,,,
117000,,,
117060,,,
117120,,,
117180,,,
117240,,,
117300,,,
117360,,,
117420,,,
117480,,,
117540,,,
117600,,,
117660,,,
117720,,,
117780,,,
117840,,,
117900,,166,
117960,,,
118020,,,
118080,,,
118140,,,
118200,,,
118260,,,
118320,,,
118380,,,
118440,,,
118500,,,
118560,,,
118620,,,
118680,,,
118740,,,
118800,,,
118860,,,
118920,,,
118980,,,
119040,,,
119100,,,
119160,,,
119220,,,
119280,,,
119340,,,
119400,,,
119460,,,
119520,,,
119580,,,
119640,,,
119700,,,
119760,,,
119820,,,
119880,,,
119940,,,
120000,,,
120060,,,
120120,,,
120180,,,
120240,,,
120300,,,
120360,,,
120420,,,
120480,,,
120540,,,
120600,,,
120660,,,
120720,,,
120780,,,
120840,,,
120900,,,
120960,,,
121020,,,
121080,,,
121140,,,
121200,,,
121260,,,
121320,,,
121380,,,
121440,,,
121500,,,
121560,,,
121620,,,
121680,,,
121740,,,
121800,,,
121860,,,
121920,,,
121980,53,0,0
122040,471,0,0
122100,471,0,0
122160,,0,0
122220,,0,0
122280,53,0,0
122340,471,0,0
122400,433,1,8
122460,433,1,8
122520,432,1,8
122580,,1,8
122640,,1,8
122700,,1,8
122760,,1,4
122820,,,
122880,,,
122940,,,
123000,,,
123060,,,
123120,,,
123180,,,
123240,,,
123300,,,
123360,,,
123420,,,
123480,,,
123540,,,
123600,,,
123660,,,
123720,,,
123780,,,
123840,,,
123900,,,
123960,,,
124020,,,
124080,,,
124140,,,
124200,,,
124260,,,
124320,,,
124380,,,
124440,,,
124500,,,
124560,,,
124620,,,
124680,,,
124740,,,
124800,,,
124860,,,
124920,,,
124980,,,
125040,,,
125100,,,
125160,,,
125220,,,
125280,,,
125340,,,
125400,,,
125460,,,
125520,,,
125580,,,
125640,,,
125700,,,
125760,,,
125820,,,
125880,,,
125940,,,
126000,,,
126060,,,
126120,,,
126180,,,
126240,,,
126300,,,
126360,,,
126420,,,
126480,,,
126540,,,
126600,,,
126660,,,
126720,,,
126780,,,
126840,,,
126900,297,0,0
126960,298,0,0
127020,236,0,0
127080,295,0,0
127140,293,0,0
127200,291,0,0
127260,297,0,0
127320,,0,0
127380,230,0,0
127440,212,0,0
127500,277,0,0
127560,278,0,0
127620,216,0,0
127680,275,0,0
127740,273,0,0
127800,271,0,0
127860,277,0,0
127920,,0,0
127980,210,0,0
128040,252,0,0
128100,257,0,0
128160,498,0,0
128220,256,0,0
128280,255,0,0
128340,253,0,0
128400,492,0,0
128460,257,0,0
128520,,0,0
128580,260,0,0
128640,252,0,0
128700,317,0,0
128760,318,0,0
128820,256,0,0
128880,315,0,0
128940,314,0,0
129000,311,0,0
129060,317,0,0
129120,250,0,0
129180,,0,0
129240,,0,0
129300,,0,0
129360,,0,0
129420,,0,0
129480,,0,0
129540,,0,0
129600,,0,0
129660,,0,0
129720,,0,0
129780,182,0,0
129840,187,0,0
129900,248,0,0
129960,186,0,0
130020,185,0,0
130080,183,0,0
130140,241,0,0
130200,187,0,0
130260,,0,0
130320,180,0,0
130380,172,0,0
130440,177,0,0
130500,178,0,0
130560,176,0,0
130620,175,0,1
130680,174,0,1
130740,172,0,1
130800,117,0,1
130860,,0,1
130920,110,0,1
130980,92,0,1
131040,157,0,1
131100,158,0,1
131160,156,0,1
131220,95,0,1
131280,93,0,1
131340,152,0,1
131400,157,0,1
131460,,0,1
131520,90,0,1
131580,72,0,1
131640,137,0,8
131700,138,0,8
131760,76,0,8
131820,75,0,8
131880,73,0,8
131940,71,0,8
132000,77,0,8
132060,,0,8
132120,70,0,8
132180,132,0,8
132240,137,0,8
132300,138,0,8
132360,136,0,8
132420,135,0,8
132480,133,0,8
132540,132,0,8
132600,137,0,8
132660,,0,8
132720,130,0,8
132780,,0,8
132840,,0,8
132900,,0,8
132960,,0,8
133020,,0,8
133080,,0,8
133140,,0,8
133200,,0,8
133260,,0,8
133320,,0,8
133380,62,0,8
133440,67,0,8
133500,128,0,8
133560,126,0,8
133620,125,0,8
133680,123,0,8
133740,121,0,8
133800,67,0,8
133860,,0,8
133920,159,0,8
133980,472,0,8
134040,477,0,8
134100,478,0,8
134160,476,0,8
134220,475,0,8
134280,473,0,8
134340,471,0,8
134400,477,0,8
134460,,0,8
134520,470,0,8
134580,452,0,8
134640,457,0,8
134700,458,0,8
134760,456,0,8
134820,455,0,8
134880,453,0,8
134940,451,0,8
135000,457,0,8
135060,,0,8
135120,450,0,8
135180,432,0,8
135240,437,0,8
135300,78,0,8
135360,436,0,8
135420,435,0,8
135480,433,0,8
135540,71,0,8
135600,437,0,8
135660,,0,8
135720,430,0,8
135780,492,0,8
135840,497,0,8
135900,498,0,8
135960,496,0,8
136020,495,0,8
136080,493,0,8
136140,491,0,8
136200,497,0,8
136260,,0,8
136320,490,0,8
136380,,0,8
136440,,0,8
136500,,0,8
136560,,0,8
136620,,0,8
136680,,0,8
136740,,0,8
136800,,0,8
136860,,0,8
136920,,0,8
136980,512,0,8
137040,427,0,8
137100,428,0,8
137160,426,0,8
137220,425,0,8
137280,423,0,8
137340,421,0,8
137400,427,0,8
137460,,0,8
137520,420,0,8
137580,,0,8
137640,,0,8
137700,,0,8
137760,,0,8
137820,,0,8
137880,,0,8
137940,,0,8
138000,,0,8
138060,,0,8
138120,,0,8
138180,,0,8
138240,,0,8
138300,,0,8
138360,,0,8
138420,,0,8
138480,,0,8
138540,,0,8
138600,,0,8
138660,,0,8
138720,,0,8
138780,,0,8
138840,,0,8
138900,,0,8
138960,,0,8
139020,,0,8
139080,,0,8
139140,,0,8
139200,,0,8
139260,,0,8
139320,,0,8
139380,,0,8
139440,,0,8
139500,,0,8
139560,,0,8
139620,,0,8
139680,,0,8
139740,,0,8
139800,,0,8
139860,,0,8
139920,,0,8
139980,,0,8
140040,,0,8
140100,,0,8
140160,,0,8
140220,,0,8
140280,,0,8
140340,,0,8
140400,,0,8
140460,,0,8
140520,,0,8
140580,,0,8
140640,,0,8
140700,,0,8
140760,,0,8
140820,,0,8
140880,,0,8
140940,,0,8
141000,,0,8
141060,,0,8
141120,,0,8
141180,52,0,8
141240,57,0,8
141300,478,0,8
141360,56,0,8
141420,55,0,8
141480,53,0,8
141540,471,0,8
141600,57,0,8
141660,,0,8
141720,50,0,8
141780,32,0,8
141840,37,0,8
141900,458,0,8
141960,36,0,8
142020,35,0,8
142080,33,0,8
142140,451,0,8
142200,37,0,8
142260,,0,8
142320,30,0,8
142380,12,0,8
142440,437,0,8
142500,438,0,8
142560,16,0,8
142620,445,0,8
142680,433,0,8
142740,431,1,8
142800,437,1,8
142860,,1,8
142920,10,1,8
142980,,1,8
143040,,1,8
143100,,1,8
143160,,1,8
143220,,1,8
143280,,1,8
143340,,1,8
143400,,1,8
143460,,1,8
143520,,1,8
143580,,1,8
143640,,1,8
143700,,1,8
143760,,,
143820,,,
143880,,,
143940,,,
144000,,,
144060,,,
144120,,,
144180,,,
144240,,,
144300,,,
144360,,,
144420,,,
144480,,,
144540,,,
144600,,,
144660,,,
144720,117,0,0
144780,118,0,0
144840,116,0,0
144900,115,0,1
144960,110,0,1
145020,152,0,1
145080,157,0,1
145140,,0,1
145200,150,0,1
145260,142,0,1
145320,77,0,8
145380,132,0,1
145440,137,0,8
145500,148,0,8
145560,,0,8
145620,,0,8
145680,,0,8
145740,,0,8
145800,576,0,8
145860,575,0,8
145920,33,0,8
145980,32,0,8
146040,37,0,8
146100,,0,8
146160,435,0,8
146220,443,0,8
146280,431,1,8
146340,437,1,8
146400,,,
146460,,,
146520,,,
146580,,,
146640,,,
146700,,,
146760,298,1,4
146820,236,1,4
146880,295,1,4
146940,293,1,4
147000,292,1,4
147060,297,1,4
147120,,1,4
147180,230,1,4
147240,212,1,4
147300,277,1,4
147360,278,1,4
147420,216,1,4
147480,275,1,4
147540,273,1,4
147600,271,1,4
147660,277,1,4
147720,,1,4
147780,210,1,4
147840,252,1,4
147900,257,1,4
147960,508,1,4
148020,266,1,4
148080,255,1,4
148140,253,1,4
148200,491,1,4
148260,257,1,4
148320,,1,4
148380,250,1,4
148440,252,1,4
148500,317,1,4
148560,318,1,4
148620,256,1,4
148680,315,1,4
148740,313,1,4
148800,311,1,4
148860,317,1,4
148920,,1,4
148980,250,1,4
149040,,1,4
149100,,1,4
149160,,1,4
149220,,1,4
149280,,1,4
149340,,1,4
149400,,1,4
149460,,1,4
149520,,1,4
149580,,1,4
149640,182,1,4
149700,187,1,4
149760,248,1,4
149820,186,1,4
149880,245,1,4
149940,243,1,4
150000,241,1,4
150060,187,1,4
150120,,1,4
150180,180,1,4
150240,112,1,4
150300,177,1,4
150360,118,1,4
150420,116,1,4
150480,115,1,4
150540,113,1,4
150600,112,1,4
150660,117,1,4
150720,,1,4
150780,110,1,4
150840,92,1,4
150900,97,1,4
150960,98,1,4
151020,96,1,4
151080,95,1,4
151140,93,1,4
151200,91,1,4
151260,97,1,4
151320,,1,4
151380,90,1,4
151440,82,1,4
151500,77,1,4
151560,88,1,4
151620,86,1,4
151680,75,1,4
151740,73,1,4
151800,71,1,4
151860,77,1,4
151920,,1,4
151980,79,1,4
152040,132,1,4
152100,137,1,4
152160,138,1,4
152220,136,1,4
152280,135,1,4
152340,193,1,4
152400,192,1,4
152460,197,1,4
152520,,1,4
152580,130,1,4
152640,,1,4
152700,,1,4
152760,,1,4
152820,,1,4
152880,,1,4
152940,,1,4
153000,,1,4
153060,,1,4
153120,,1,4
153180,,1,4
153240,62,1,4
153300,67,1,4
153360,68,1,4
153420,66,1,4
153480,65,1,4
153540,213,1,4
153600,212,1,4
153660,127,1,4
153720,,1,4
153780,120,1,4
153840,472,1,4
153900,477,1,4
153960,478,1,4
154020,476,1,4
154080,475,1,4
154140,473,1,4
154200,471,1,4
154260,477,1,4
154320,,1,4
154380,470,1,4
154440,452,1,4
154500,457,1,4
154560,458,1,4
154620,456,1,4
154680,455,1,4
154740,453,1,4
154800,452,1,4
154860,457,1,4
154920,,1,4
154980,450,1,4
155040,432,1,4
155100,447,1,4
155160,88,1,4
155220,436,1,4
155280,445,1,4
155340,443,1,4
155400,72,1,4
155460,447,1,4
155520,,1,4
155580,440,1,4
155640,492,1,4
155700,497,1,4
155760,498,1,4
155820,496,1,4
155880,495,1,4
155940,493,1,4
156000,491,1,4
156060,497,1,4
156120,,1,4
156180,490,1,4
156240,,1,4
156300,,1,4
156360,,1,4
156420,,1,4
156480,,1,4
156540,,1,4
156600,,1,4
156660,,1,4
156720,,1,4
156780,,1,4
156840,422,1,4
156900,427,1,4
156960,428,1,4
157020,426,1,4
157080,425,1,4
157140,423,1,4
157200,421,1,4
157260,427,1,4
157320,,1,4
157380,420,1,4
157440,,1,4
157500,,1,4
157560,,1,4
157620,,1,4
157680,,1,4
157740,,1,4
157800,,1,4
157860,,1,4
157920,,1,4
157980,,1,4
158040,,1,4
158100,,1,4
158160,,1,4
158220,,1,4
158280,,1,4
158340,,1,4
158400,,1,4
158460,,1,4
158520,,1,4
158580,,1,4
158640,,1,4
158700,,1,4
158760,,1,4
158820,,1,4
158880,,1,4
158940,,1,4
159000,,1,4
159060,,1,4
159120,,1,4
159180,,1,4
159240,,1,4
159300,,1,4
159360,,1,4
159420,,1,4
159480,,1,4
159540,,1,4
159600,,1,4
159660,,1,4
159720,,1,4
159780,,1,4
159840,,1,4
159900,,1,4
159960,,1,4
160020,,1,4
160080,,1,4
160140,,1,4
160200,,1,4
160260,,1,4
160320,,1,4
160380,,1,4
160440,,1,4
160500,,1,4
160560,,1,4
160620,,1,4
160680,,1,4
160740,,1,4
160800,,1,4
160860,,1,4
160920,,1,4
160980,52,1,4
161040,57,1,4
161100,478,1,4
161160,56,1,4
161220,55,1,4
161280,53,1,4
161340,471,1,4
161400,57,1,4
161460,,1,4
161520,50,1,4
161580,32,1,4
161640,37,1,4
161700,458,1,4
161760,36,1,4
161820,35,1,4
161880,33,1,4
161940,451,1,4
162000,37,1,4
162060,,1,4
162120,30,1,4
162180,22,1,4
162240,447,1,4
162300,438,1,4
162360,26,1,4
162420,445,1,4
162480,433,1,4
162540,432,1,4
162600,437,1,4
162660,,1,4
162720,10,1,4
162780,,1,4
162840,,1,4
162900,,1,4
162960,,1,4
163020,,1,4
163080,,1,4
163140,,1,4
163200,,1,4
163260,,1,4
163320,,1,4
163380,,1,4
163440,,1,4
163500,,1,4
163560,,1,4
163620,,1,5
163680,,1,5
163740,,1,5
163800,,1,5
163860,,1,5
163920,,1,5
163980,,1,5
164040,,1,5
164100,,1,5
164160,,1,5
164220,,1,5
164280,,1,5
164340,,1,5
164400,,1,5
164460,,1,5
164520,,1,5
164580,,1,5
164640,,,
164700,,,
164760,,,
164820,,,
164880,,,
164940,,,
165000,,,
165060,,,
165120,,,
165180,,,
165240,,,
165300,,,
165360,,,
165420,,,
165480,,,
165540,,,
165600,,,
165660,,,
165720,,,
165780,,,
165840,,,
165900,,,
165960,,,
166020,,,
166080,,,
166140,,,
166200,,,
166260,,,
166320,,,
166380,,,
166440,,,
166500,,,
166560,,,
166620,,,
166680,,,
166740,,,
166800,,,
166860,,,
166920,,,
166980,,,
167040,,,
167100,,1,5
167160,,1,5
167220,,1,5
167280,,1,5
167340,,1,5
167400,,1,5
167460,,1,5
167520,,1,5
167580,,1,5
167640,,1,5
167700,,1,5
167760,,1,5
167820,,1,5
167880,,1,5
167940,,1,5
168000,,1,5
168060,,1,5
168120,,1,5
168180,,1,5
168240,,1,5
168300,,1,5
168360,,1,5
168420,,1,5
168480,,1,5
168540,,1,5
168600,,1,5
168660,,1,5
168720,,,
168780,90,0,1
168840,82,0,1
168900,87,0,8
168960,150,0,1
169020,142,0,8
169080,87,0,8
169140,,0,8
169200,,0,8
169260,,0,8
169320,,0,8
169380,,0,8
169440,586,0,8
169500,575,0,8
169560,573,0,8
169620,451,0,8
169680,37,0,8
169740,,0,8
169800,433,0,8
169860,431,1,8
169920,437,1,8
169980,152,1,4
170040,157,1,4
170100,158,1,4
170160,156,1,4
170220,492,1,4
170280,497,1,4
170340,498,1,4
170400,496,1,4
170460,495,1,4
170520,,1,4
170580,,1,4
170640,,1,4
170700,,1,4
170760,,1,4
170820,52,1,4
170880,57,1,4
170940,478,1,4
171000,56,1,4
171060,458,1,4
171120,36,1,4
171180,,1,4
171240,,1,4
171300,,1,5
171360,,1,5
171420,,1,5
171480,,1,5
171540,,1,5
171600,,,
171660,,,
171720,,,
171780,,,
171840,,,
171900,,,
171960,,,
172020,,,
172080,,,
172140,,,
172200,,,
172260,,,
172320,,,
172380,,,
172440,,,
172500,,,
172560,,,
172620,,,
172680,,,
172740,,,
172800,,,
172860,,,
172920,,,
172980,,,
173040,,,
173100,,,
173160,,,
173220,,,
173280,,,
173340,,,
173400,,,
173460,,,
173520,,,
173580,,,
173640,,,
173700,,,
173760,,,
173820,,,
173880,,,
173940,,,
174000,,,
174060,,,
174120,,,
174180,,,
174240,,,
174300,,,
174360,,,
174420,,,
174480,,,
174540,,,
174600,,,
174660,,,
174720,,,
174780,,,
174840,,,
174900,,,
174960,,,
175020,,,
175080,,,
175140,,,
175200,,,
175260,,,
175320,,,
175380,,,
175440,,,
175500,,,
175560,,,
175620,,,
175680,,,
175740,,,
175800,,,
175860,,,
175920,,,
175980,,,
176040,,,
176100,,,
176160,,,
176220,,,
176280,,,
176340,,,
176400,,,
176460,,,
176520,,,
176580,,,
176640,,,
176700,,,
176760,,,
176820,,,
176880,,,
176940,,,
177000,,,
177060,,,
177120,,,
177180,,,
177240,,,
177300,,,
177360,,,
177420,,,
177480,,,
177540,,,
177600,,,
177660,,,
177720,,,
177780,,,
177840,,,
177900,,,
177960,,,
178020,,,
178080,,,
178140,,,
178200,,,
178260,,,
178320,,,
178380,,,
178440,,,
178500,,,
178560,,,
178620,,,
178680,,,
178740,,,
178800,,,
178860,,,
178920,,,
178980,,,
179040,,,
179100,,,
179160,,,
179220,,,
179280,,,
179340,,,
179400,,,
179460,,,
179520,,,
179580,,,
179640,,130,
179700,,,
179760,,,
179820,,,
179880,,,
179940,,,
180000,,,
180060,,,
180120,,,
180180,,,
180240,,,
180300,,,
180360,,,
180420,,,
180480,,,
180540,,,
180600,297,0,0
180660,298,0,0
180720,236,0,0
180780,295,0,0
180840,293,0,0
180900,291,0,0
180960,291,0,0
181020,292,0,1
181080,292,0,8
181140,297,0,8
181200,,0,8
181260,230,0,8
181320,230,0,4
181380,230,0,5
181440,230,0,8
181500,230,0,7
181560,230,0,7
181620,212,0,7
181680,277,0,7
181740,277,0,8
181800,277,0,8
181860,277,0,10
181920,277,0,
181980,277,0,81
182040,277,0,15
182100,277,0,14
182160,277,0,15
182220,277,0,19
182280,277,0,10
182340,277,0,13
182400,277,0,15
182460,277,0,80
182520,277,0,81
182580,278,0,81
182640,216,0,81
182700,275,0,81
182760,273,0,81
182820,271,0,81
182880,277,0,81
182940,,0,81
183000,210,0,81
183060,252,0,81
183120,257,0,81
183180,508,0,81
183240,266,0,81
183300,265,0,81
183360,253,0,81
183420,491,0,81
183480,492,1,81
183540,502,8,81
183600,502,8,81
183660,502,4,81
183720,502,5,81
183780,257,5,81
183840,,5,81
183900,250,5,81
183960,252,5,81
184020,317,5,81
184080,318,5,81
184140,317,5,81
184200,318,5,81
184260,318,8,81
184320,318,7,81
184380,318,8,81
184440,256,8,81
184500,256,8,88
184560,256,8,28
184620,256,8,84
184680,256,8,85
184740,256,8,88
184800,256,8,87
184860,256,8,88
184920,256,8,85
184980,256,8,90
185040,256,8,91
185100,256,8,98
185160,256,8,88
185220,256,8,94
185280,256,8,95
185340,256,8,95
185400,256,8,98
185460,256,8,97
185520,256,8,98
185580,256,8,40
185640,256,8,41
185700,256,8,48
185760,256,8,48
185820,256,8,44
185880,256,8,45
185940,256,8,48
186000,256,8,47
186060,256,8,47
186120,256,8,48
186180,256,8,48
186240,256,8,90
186300,256,8,91
186360,256,8,98
186420,256,8,98
186480,256,8,94
186540,256,8,95
186600,256,8,98
186660,256,8,97
186720,256,8,98
186780,256,8,95
186840,256,8,90
186900,315,8,91
186960,315,8,91
187020,315,10,91
187080,313,10,91
187140,312,10,91
187200,312,,91
187260,312,10,91
187320,311,10,91
187380,311,15,91
187440,312,14,91
187500,312,15,91
187560,311,19,91
187620,312,10,91
187680,311,13,91
187740,317,15,91
187800,,15,91
187860,,15,91
187920,,80,91
187980,,81,91
188040,,88,91
188100,,28,91
188160,,84,91
188220,,85,91
188280,,88,91
188340,,87,91
188400,,88,91
188460,,85,91
188520,,90,91
188580,,91,91
188640,,98,91
188700,,88,91
188760,,94,91
188820,,95,91
188880,250,95,91
188940,,95,91
189000,,95,91
189060,,95,91
189120,,95,91
189180,,95,91
189240,,95,91
189300,,95,98
189360,,95,88
189420,,95,94
189480,,95,95
189540,,95,98
189600,,95,98
189660,,95,98
189720,,95,98
189780,,95,98
189840,182,95,98
189900,187,95,98
189960,187,95,98
190020,187,98,98
190080,187,97,98
190140,187,98,98
190200,187,85,98
190260,187,40,98
190320,187,41,98
190380,187,48,98
190440,187,48,98
190500,338,48,98
190560,186,48,98
190620,185,48,98
190680,185,48,98
190740,185,44,98
190800,185,45,98
190860,185,48,98
190920,185,47,98
190980,183,47,98
191040,241,47,98
191100,187,47,98
191160,,47,98
191220,180,47,98
191280,112,47,98
191340,117,47,98
191400,118,47,98
191460,116,47,98
191520,175,47,98
191580,175,48,98
191640,175,45,98
191700,175,90,98
191760,115,90,98
191820,115,90,97
191880,115,90,98
191940,113,90,98
192000,111,90,98
192060,117,90,98
192120,,90,98
192180,,90,98
192240,,91,98
192300,,98,98
192360,,98,98
192420,110,98,98
192480,110,98,98
192540,110,98,70
192600,110,98,71
192660,92,98,71
192720,97,98,71
192780,157,98,71
192840,157,98,78
192900,157,98,78
192960,157,98,74
193020,157,98,75
193080,157,98,78
193140,158,150,78
193200,158,98,78
193260,156,98,78
193320,96,98,77
193380,156,98,78
193440,156,98,75
193500,156,98,80
193560,156,98,81
193620,156,98,88
193680,156,98,88
193740,156,98,84
193800,156,98,85
193860,156,98,88
193920,96,98,87
193980,96,98,88
194040,96,98,85
194100,82,150,90
194160,155,98,90
194220,155,98,90
194280,155,94,90
194340,155,95,90
194400,155,98,90
194460,155,97,90
194520,155,98,90
194580,153,180,90
194640,155,98,90
194700,155,98,91
194760,153,98,88
194820,151,98,88
194880,97,98,88
194940,,98,88
195000,90,98,88
195060,72,98,88
195120,72,98,88
195180,72,95,88
195240,72,90,88
195300,72,91,88
195360,72,98,88
195420,72,88,88
195480,72,94,88
195540,72,95,88
195600,132,98,88
195660,132,97,88
195720,72,98,88
195780,82,95,88
195840,82,70,88
195900,82,71,88
195960,82,78,88
196020,82,78,88
196080,77,78,88
196140,78,78,88
196200,76,78,88
196260,75,78,88
196320,75,78,88
196380,73,78,88
196440,71,78,88
196500,77,78,88
196560,,78,88
196620,79,78,88
196680,132,78,88
196740,192,74,88
196800,192,75,88
196860,192,78,88
196920,192,77,88
196980,192,78,88
197040,192,75,88
197100,192,80,88
197160,192,81,88
197220,132,88,88
197280,132,88,88
197340,132,88,88
197400,192,88,88
197460,192,84,88
197520,192,85,88
197580,192,88,88
197640,192,87,88
197700,192,88,88
197760,192,85,88
197820,192,90,88
197880,192,91,88
197940,132,88,88
198000,132,88,88
198060,132,84,88
198120,192,85,88
198180,192,98,88
198240,192,97,88
198300,192,88,88
198360,192,85,88
198420,197,100,88
198480,197,100,84
198540,197,100,85
198600,197,100,98
198660,198,100,98
198720,196,100,98
198780,196,100,98
198840,136,100,97
198900,136,100,88
198960,136,100,85
199020,136,100,100
199080,136,100,
199140,196,100,108
199200,195,100,108
199260,193,100,108
199320,192,100,108
199380,197,100,108
199440,,100,108
199500,130,100,108
199560,,100,108
199620,,100,108
199680,,100,108
199740,,100,108
199800,,100,108
199860,,,108
199920,,108,108
199980,,108,108
200040,,104,108
200100,,105,108
200160,,108,108
200220,,107,108
200280,,108,108
200340,,108,108
200400,,50,108
200460,,,108
200520,,,108
200580,,,108
200640,,,108
200700,,,108
200760,,,108
200820,,,104
200880,,,104
200940,,,105
201000,,,108
201060,,,107
201120,,,107
201180,,,107
201240,,,107
201300,,,108
201360,,,108
201420,,,
201480,,,
201540,,,
201600,67,,17
201660,62,,17
201720,157,,17
201780,68,,17
201840,66,,
201900,65,,
201960,63,,
202020,62,,
202080,67,,
202140,,,
202200,60,,
202260,472,,
202320,477,,
202380,478,,17
202440,476,,17
202500,476,,17
202560,476,,17
202620,476,,17
202680,476,,17
202740,476,,17
202800,475,,17
202860,475,,17
202920,475,50,
202980,475,50,
203040,475,50,
203100,475,50,
203160,475,50,
203220,475,50,
203280,475,50,
203340,475,50,
203400,475,50,
203460,475,50,180
203520,475,50,
203580,473,50,
203640,473,50,
203700,473,210,
203760,473,,
203820,473,217,
203880,473,250,
203940,473,241,
204000,473,219,
204060,473,219,
204120,473,187,
204180,453,213,
204240,471,213,
204300,477,213,
204360,,213,
204420,,213,185
204480,,213,175
204540,,213,184
204600,,213,219
204660,,213,219
204720,,213,187
204780,,213,219
204840,,213,188
204900,,213,210
204960,,213,
205020,,213,150
205080,,213,185
205140,,213,157
205200,,213,157
205260,,213,157
205320,,213,181
205380,,213,185
205440,,213,150
205500,,213,185
205560,,213,185
205620,,213,141
205680,,213,41
205740,,213,141
205800,,213,148
205860,,213,144
205920,,213,145
205980,470,213,145
206040,452,213,145
206100,452,213,145
206160,452,213,170
206220,452,213,141
206280,452,213,145
206340,452,213,190
206400,452,213,84
206460,452,213,198
206520,457,213,198
206580,458,213,198
206640,458,213,198
206700,456,213,198
206760,455,213,198
206820,453,213,198
206880,451,213,198
206940,457,213,198
207000,457,213,198
207060,,219,198
207120,459,219,198
207180,432,219,198
207240,437,219,198
207300,437,219,198
207360,447,219,198
207420,437,219,194
207480,447,219,195
207540,447,219,198
207600,447,219,197
207660,437,219,198
207720,437,219,198
207780,437,219,190
207840,437,219,
207900,437,219,198
207960,437,219,198
208020,437,219,194
208080,437,219,195
208140,437,219,198
208200,437,219,197
208260,437,219,198
208320,437,219,198
208380,437,219,210
208440,437,219,80
208500,437,219,177
208560,437,219,175
208620,437,219,174
208680,437,219,175
208740,437,219,219
208800,437,219,100
208860,447,219,219
208920,447,219,175
208980,437,219,190
209040,447,219,190
209100,447,219,190
209160,447,219,190
209220,437,219,190
209280,436,219,198
209340,435,219,198
209400,435,219,198
209460,435,210,198
209520,435,82,198
209580,435,115,198
209640,435,150,198
209700,433,150,198
209760,433,150,198
209820,433,150,194
209880,433,150,195
209940,433,150,198
210000,433,150,197
210060,433,150,198
210120,433,150,195
210180,433,150,190
210240,443,150,
210300,82,150,
210360,437,150,
210420,437,150,
210480,437,241,
210540,437,119,
210600,,119,
210660,,119,150
210720,,119,150
210780,,119,194
210840,,119,195
210900,,119,198
210960,,119,197
211020,,119,198
211080,,119,198
211140,,119,206
211200,,119,206
211260,,119,210
211320,,119,203
211380,,119,203
211440,,119,204
211500,,119,206
211560,,119,206
211620,,119,207
211680,,119,206
211740,,119,203
211800,,119,230
211860,,119,
211920,,119,217
211980,,119,215
212040,,119,217
212100,,119,215
212160,,119,239
212220,,119,210
212280,,119,215
212340,,119,215
212400,,119,230
212460,,119,218
212520,,119,233
212580,,119,233
212640,,119,233
212700,,119,233
212760,,119,233
212820,,119,233
212880,,119,233
212940,,119,233
213000,,119,230
213060,,119,207
213120,440,119,207
213180,492,119,207
213240,497,119,207
213300,497,119,207
213360,497,119,207
213420,497,119,207
213480,497,119,207
213540,497,119,207
213600,497,119,207
213660,497,56,207
213720,496,118,207
213780,496,150,207
213840,496,170,207
213900,496,119,207
213960,496,119,207
214020,496,,207
214080,496,,207
214140,496,,207
214200,496,,207
214260,496,,207
214320,496,84,207
214380,496,198,207
214440,496,198,207
214500,496,194,207
214560,496,195,207
214620,496,198,207
214680,496,197,207
214740,496,198,207
214800,496,198,207
214860,496,190,207
214920,496,,207
214980,496,198,207
215040,496,198,207
215100,496,194,207
215160,496,195,207
215220,496,198,207
215280,496,197,207
215340,496,198,207
215400,496,198,207
215460,496,101,207
215520,496,80,207
215580,496,181,207
215640,496,151,207
215700,496,124,207
215760,496,191,207
215820,496,191,207
215880,496,152,207
215940,496,191,207
216000,496,191,207
216060,496,190,207
216120,496,,207
216180,496,198,207
216240,496,198,207
216300,496,194,207
216360,496,195,207
216420,496,198,207
216480,496,197,207
216540,496,198,207
216600,496,198,207
216660,495,198,207
216720,495,198,207
216780,495,198,233
216840,493,198,233
216900,492,198,233
216960,497,198,233
217020,,198,233
217080,490,198,233
217140,,198,233
217200,,198,233
217260,,88,233
217320,,88,233
217380,,198,233
217440,,198,233
217500,,198,233
217560,,190,233
217620,,,233
217680,,198,233
217740,,198,233
217800,,194,233
217860,,195,233
217920,,198,233
217980,,197,233
218040,,198,233
218100,,198,233
218160,,206,233
218220,,101,233
218280,,203,233
218340,,203,233
218400,,203,233
218460,,203,233
218520,,203,233
218580,,203,233
218640,,203,233
218700,,204,233
218760,,206,233
218820,,206,233
218880,,207,233
218940,,206,233
219000,,203,233
219060,,110,233
219120,,,233
219180,422,,233
219240,427,,233
219300,427,210,233
219360,427,215,233
219420,427,215,233
219480,427,215,233
219540,428,215,233
219600,428,215,233
219660,428,215,234
219720,428,215,233
219780,428,215,236
219840,428,215,237
219900,428,215,236
219960,428,215,233
220020,428,215,246
220080,428,215,241
220140,428,215,243
220200,428,215,243
220260,428,215,244
220320,428,215,246
220380,428,215,246
220440,428,215,247
220500,428,215,246
220560,428,215,243
220620,,,
220680,,,
220740,,,
220800,,,
220860,,,
220920,,,
220980,,,
221040,,,
221100,,,
221160,,,
221220,,,
221280,,,
221340,,,
221400,,,
221460,,,
221520,,,
221580,,,
221640,,,
221700,,,
221760,,,
221820,,,
221880,,,
221940,,,
222000,,,
222060,,,
222120,,,
222180,,,
222240,,,
222300,,,
222360,,,
222420,,,
222480,,,
222540,,,
222600,,,
222660,,,
222720,,,
222780,,,
222840,,,
222900,,,
222960,,,
223020,,,
223080,,,
223140,,,
223200,,,
223260,,,
223320,,,
223380,,,
223440,,,
223500,,,
223560,,,
223620,,,
223680,,,
223740,,,
223800,,,
223860,,,
223920,,,
223980,,215,250
224040,,215,250
224100,,215,250
224160,,215,250
224220,,215,250
224280,,215,250
224340,,215,250
224400,,215,250
224460,,215,250
224520,,215,250
224580,,215,250
224640,,215,250
224700,,215,250
224760,,215,250
224820,,215,250
224880,,215,250
224940,,215,250
225000,,215,250
225060,,215,250
225120,,215,250
225180,,215,250
225240,,215,250
225300,,215,250
225360,,215,250
225420,,,250
225480,,,
225540,,,
225600,,,
225660,,,
225720,,,
225780,,,
225840,,,
225900,,,
225960,,,
226020,,,
226080,,,
226140,,,
226200,,,
226260,,,
226320,,,
226380,,,
226440,,,
226500,,,
226560,,,
